{
    "Can Lloses": [41.27001251031733, 1.7894593397212237],
    "Camping Sitges": [41.232066371326916, 1.7849843108826962],
    "Prado": [41.23794630703589, 1.8105905685553276],
    "Nansa": [41.23546562378121, 1.8100598272832047],
    "Mar Enostrum": [41.234707258090985, 1.8056904587522749],
    "Parrots Pub": [41.23572980965255, 1.8069970324580036],
    "Parrots Hotel": [41.23572539382831, 1.8072076353064097],
    "Central Café": [41.23547601462913, 1.8067730675192155],
    "Parrots2": [41.23573275766342, 1.806991975763677],
    "Le Patio": [41.235601737186435, 1.808071667903812],
    "Parrots Restaurant": [41.23570201058298, 1.807131010848435],
    "Bar del Mercado": [41.232025937476834, 1.7457835551937466],
    "Bears Bar": [41.235825419076335, 1.808178475092992],
    "Pizzeria Cap de la Vila": [41.236806455340364, 1.8095991667022844],
    "Pub Voramar": [41.2365464557576, 1.8147666532106586]
}



